" id",x,y,diameter,name
1,500.0,57.0,69.342995,poza 1
2,166.0,33.0,43.482212,poza 2
3,50.0,81.0,74.33115,poza 3
4,171.0,241.0,67.19962,poza 4
3866,448.0,194.0,75.987976,poza 5
